dataset,seed,c,true_prior,optimal_prior,prior_diff,direction,best_test_ap,baseline_test_ap,improvement,best_auc,best_max_f1,best_f1
20News,42,0.1,0.5880662609871535,0.5,-0.08806626098715353,lower,0.9523969912333544,0.9506054700394604,0.00179152119389403,0.9375665669292197,0.8845392054060351,0.8683747802059784
20News,42,0.5,0.6606558518415373,0.2,-0.4606558518415373,lower,0.9654261102781903,0.9563718407168041,0.009054269561386108,0.9572350955336726,0.9076163610719323,0.515625
20News,42,0.9,0.7114781270348665,0.3,-0.41147812703486647,lower,0.9749624604338427,0.9669475407065772,0.008014919727265535,0.9692598833155057,0.9230056732661803,0.6859072766349401
20News,456,0.1,0.5880662609871535,0.2,-0.3880662609871535,lower,0.5668831534954533,0.565703356401712,0.001179797093741275,0.4938063174507832,0.7218734091294756,0.30243055555555554
20News,456,0.5,0.6606558518415373,0.1,-0.5606558518415373,lower,0.5647902283590016,0.5560834839630038,0.008706744395997834,0.5,0.7218734091294756,0.7218734091294756
20News,456,0.9,0.7114781270348665,0.2,-0.5114781270348665,lower,0.5661123472874671,0.5575110583240599,0.008601288963407172,0.5024366400441976,0.7218734091294756,0.7218734091294756
20News,789,0.1,0.5880662609871535,auto,0.0,auto,0.5647517500707215,0.5647517500707215,0.0,0.5005184798257564,0.7219959266802444,0.6186927826272088
20News,789,0.5,0.6606558518415373,0.1,-0.5606558518415373,lower,0.5647902283590016,0.5619429812313967,0.0028472471276048683,0.5,0.7218734091294756,0.7218734091294756
20News,789,0.9,0.7114781270348665,0.9,0.18852187296513356,higher,0.5674976047525963,0.5592951639150712,0.008202440837525082,0.5050736442146974,0.7218734091294756,0.6977037370553805
FashionMNIST,42,0.1,0.5238095238095238,0.5,-0.023809523809523836,lower,0.9963149778970873,0.9959626334337046,0.0003523444633827255,0.99707368,0.9827243844320891,0.9816
FashionMNIST,42,0.5,0.6,0.9,0.30000000000000004,higher,0.9973767598327027,0.9964995424111964,0.00087721742150626,0.9978933200000001,0.9866427432216907,0.9858092686315372
FashionMNIST,42,0.9,0.6551724137931034,auto,0.0,auto,0.9979068383495809,0.9979068383495809,0.0,0.9984270800000001,0.9901345291479821,0.9898264512268103
FashionMNIST,456,0.1,0.5238095238095238,0.9,0.3761904761904762,higher,0.9960258947719416,0.9947340672963796,0.0012918274755620018,0.9968471199999999,0.9839848801352828,0.9837891596220786
FashionMNIST,456,0.5,0.6,auto,0.0,auto,0.9980407827605198,0.9980407827605198,0.0,0.99828868,0.9881296758104738,0.9879590008956115
FashionMNIST,456,0.9,0.6551724137931034,0.7,0.04482758620689653,higher,0.998722322985926,0.9979663544143387,0.0007559685715873288,0.9988589200000001,0.9908366533864542,0.9902156549520766
FashionMNIST,789,0.1,0.5238095238095238,0.9,0.3761904761904762,higher,0.9956656301385275,0.9955437280487263,0.00012190208980122907,0.9961814800000001,0.9809145129224652,0.9797344514325647
FashionMNIST,789,0.5,0.6,auto,0.0,auto,0.9976009796189435,0.9976009796189435,0.0,0.99795824,0.9874201277955272,0.9873190214677983
FashionMNIST,789,0.9,0.6551724137931034,auto,0.0,auto,0.997376796159767,0.997376796159767,0.0,0.99776124,0.9860055977608957,0.985677342351303
IMDB,42,0.1,0.5238003617193212,0.2,-0.3238003617193212,lower,0.8534641839331178,0.8518187503345371,0.0016454335985807145,0.8552061056,0.7822009021264409,0.5213714285714286
IMDB,42,0.5,0.5999935352490545,0.1,-0.49999353524905454,lower,0.8858258623757761,0.875472126141992,0.010353736233784105,0.8871300799999998,0.8113897793701679,0.3257333333333333
IMDB,42,0.9,0.6551676094407446,0.1,-0.5551676094407446,lower,0.8912690187279919,0.8885584306163443,0.002710588111647594,0.8933268992000001,0.8168331819557977,0.3257333333333333
IMDB,456,0.1,0.5238003617193212,0.7,0.17619963828067875,higher,0.8647846233410513,0.8619577804607272,0.0028268428803240875,0.8681813791999999,0.7959622949602911,0.7946678450434527
IMDB,456,0.5,0.5999935352490545,0.1,-0.49999353524905454,lower,0.8812602723936326,0.8794763576852189,0.0017839147084136586,0.8844505728000001,0.810108412344653,0.324
IMDB,456,0.9,0.6551676094407446,auto,0.0,auto,0.8881314668754746,0.8881314668754746,0.0,0.889534528,0.8134660333257935,0.8108461538461539
IMDB,789,0.1,0.5238003617193212,0.5,-0.023800361719321206,lower,0.8610633656982783,0.8609898627906336,7.350290764474021e-05,0.8617046239999999,0.7893368486579516,0.7883956556600336
IMDB,789,0.5,0.5999935352490545,0.2,-0.3999935352490545,lower,0.8829467480809773,0.8656856603559547,0.01726108772502255,0.8842974144,0.8081818181818181,0.5393142857142857
IMDB,789,0.9,0.6551676094407446,0.2,-0.4551676094407446,lower,0.8920905456760211,0.8841234340091303,0.007967111666890792,0.8931979456000001,0.8159310265898599,0.5425142857142857
MNIST,42,0.1,0.5153484491086185,0.9,0.3846515508913815,higher,0.9960356819181208,0.9951610421195158,0.0008746397986049148,0.9965142364783584,0.97479501973884,0.9730107956817273
MNIST,42,0.5,0.5918403200086488,0.5,-0.09184032000864883,lower,0.9983460493609445,0.9970353486083444,0.0013107007526000913,0.9985039923144765,0.9850232746407611,0.9847828277738587
MNIST,42,0.9,0.6474783197357518,auto,0.0,auto,0.9984928420666158,0.9984928420666158,0.0,0.9986692285078123,0.9847870182555781,0.9835966589513938
MNIST,456,0.1,0.5153484491086185,0.5,-0.015348449108618545,lower,0.9965584900163827,0.9964404493531244,0.00011804066325837859,0.9969150442712973,0.9769184045353312,0.9737299396913013
MNIST,456,0.5,0.5918403200086488,auto,0.0,auto,0.9981532954537952,0.9981532954537952,0.0,0.9983777246568089,0.9843228481844847,0.9826961770623742
MNIST,456,0.9,0.6474783197357518,auto,0.0,auto,0.9988381894129408,0.9988381894129408,0.0,0.9989318060227913,0.9862012987012987,0.9854339469957516
MNIST,789,0.1,0.5153484491086185,0.7,0.1846515508913814,higher,0.9964724936977939,0.9952795881311017,0.0011929055666921595,0.996754329068239,0.9747306956609283,0.9747306956609282
MNIST,789,0.5,0.5918403200086488,0.7,0.10815967999135112,higher,0.9989359677212329,0.9988821469409244,5.382078030857773e-05,0.999003021621856,0.9871105247132853,0.9868889114747433
MNIST,789,0.9,0.6474783197357518,auto,0.0,auto,0.9992463441910898,0.9992463441910898,0.0,0.9993069281895506,0.9899624860590084,0.9887844801454987
Mushrooms,42,0.1,0.5059311981020166,0.9,0.39406880189798343,higher,0.9999080965916375,0.999842353948498,6.574264313952138e-05,0.9999135428327008,0.996173469387755,0.9903412749517064
Mushrooms,42,0.5,0.5827175954915467,0.3,-0.2827175954915467,lower,1.0,0.9999886176437949,1.1382356205125177e-05,1.0,1.0,0.9903288201160542
Mushrooms,42,0.9,0.6388075880758808,auto,0.0,auto,1.0,1.0,0.0,1.0,1.0,0.9993618379068283
Mushrooms,456,0.1,0.5059311981020166,0.9,0.39406880189798343,higher,0.9994514083174483,0.999361880745401,8.952757204727657e-05,0.9994039005833584,0.990990990990991,0.9890815671162492
Mushrooms,456,0.5,0.5827175954915467,auto,0.0,auto,0.9999983709959079,0.9999983709959079,0.0,0.9999984832075912,0.9993618379068284,0.9987228607918263
Mushrooms,456,0.9,0.6388075880758808,0.5,-0.13880758807588078,lower,0.9999983709959079,0.9997993612936144,0.0001990097022935844,0.9999984832075912,0.9993618379068284,0.9993610223642172
Mushrooms,789,0.1,0.5059311981020166,0.9,0.39406880189798343,higher,0.9990945026554444,0.9977987176643066,0.001295784991137805,0.9987410623007313,0.9980806142034548,0.9980806142034548
Mushrooms,789,0.5,0.5827175954915467,0.9,0.31728240450845335,higher,1.0,0.9999708508086086,2.9149191391408813e-05,1.0,1.0,0.9993618379068283
Mushrooms,789,0.9,0.6388075880758808,0.9,0.26119241192411924,higher,1.0,0.9996318395112397,0.00036816048876031626,1.0,1.0,0.9949174078780177
Spambase,42,0.1,0.41679873217115687,0.9,0.48320126782884315,higher,0.9188973851324033,0.9087157027713717,0.010181682361031563,0.9387175765474886,0.8479776847977685,0.8180677540777918
Spambase,42,0.5,0.4935779816513762,0.9,0.40642201834862385,higher,0.9436770295536083,0.9219142496370918,0.02176277991651654,0.962489015274939,0.8958051420838973,0.8918558077436582
Spambase,42,0.9,0.5524929063640048,0.5,-0.05249290636400483,lower,0.9503437363937745,0.9283384592618885,0.022005277131885936,0.9712471735932146,0.9100817438692097,0.9041835357624831
Spambase,456,0.1,0.41679873217115687,0.9,0.48320126782884315,higher,0.9418109767666717,0.9148951982998621,0.026915778466809592,0.9582876664988103,0.8885714285714285,0.8791500664010624
Spambase,456,0.5,0.4935779816513762,0.3,-0.19357798165137619,lower,0.9452427165662043,0.9127551809702278,0.0324875355959765,0.9712965431440505,0.9153439153439155,0.8291925465838509
Spambase,456,0.9,0.5524929063640048,0.7,0.14750709363599512,higher,0.94514376999991,0.907861128972313,0.03728264102759704,0.9706744868035191,0.9125168236877524,0.8935064935064935
Spambase,789,0.1,0.41679873217115687,0.9,0.48320126782884315,higher,0.903813137246646,0.8765346263187871,0.027278510927858934,0.941457586618877,0.871866295264624,0.8427835051546392
Spambase,789,0.5,0.4935779816513762,0.2,-0.29357798165137616,lower,0.9173303893106702,0.908918136622699,0.008412252687971189,0.9289127837514934,0.8462585034013606,0.6617915904936015
Spambase,789,0.9,0.5524929063640048,0.3,-0.25249290636400484,lower,0.9153081284592272,0.9111195052866956,0.004188623172531547,0.9511488294479498,0.8882602545968883,0.7785016286644951
